Timestamp           ,GI,Feeder,Amp-R  ,Amp-S ,Amp-T ,Volt-R ,Volt-S ,Volt-T ,Power Factor ,Frequency ,Power Active Met,Power Reactive ,Power Apparent ,Phase-R ,Phase-S ,Phase-T ,FKM,Power Active
5/1/2026 17:00,GI Garut #1,F. Cikelet,1.09,1.02,1.06,58.84,59.32,59.38,-0.87,49.97,187.6,2.85,187.64,0,0,0,16000,3001920
5/1/2026 17:00,GI Garut #1,F. Cipanas,1.05,0.98,1.01,58.9,59.26,59.35,-0.88,50.01,179.9,2.76,179.95,0,0,0,16000,2878880
5/1/2026 17:00,GI Garut #1,F. Cikopo,0.7,0.66,0.68,58.95,59.3,59.36,-0.86,50.01,120.8,1.81,120.8,0,0,0,16000,1932640
5/1/2026 17:15,GI Garut #1,F. Cikelet,1.13,1.04,1.1,58.92,59.33,59.42,-0.89,50,193.7,3.01,193.74,0,0,0,16000,3099520
5/1/2026 17:15,GI Garut #1,F. Cipanas,1.09,1.01,1.05,58.93,59.28,59.36,-0.89,49.99,186.5,2.90,186.51,0,0,0,16000,2983840
5/1/2026 17:15,GI Garut #1,F. Cikopo,0.72,0.68,0.7,58.96,59.31,59.37,-0.86,50,124.4,1.87,124.38,0,0,0,16000,1989920
5/1/2026 17:30,GI Garut #1,F. Cikelet,1.18,1.12,1.16,58.84,59.24,59.38,-0.91,49.96,204.8,3.25,204.82,0,0,0,16000,3276640
5/1/2026 17:30,GI Garut #1,F. Cipanas,1.14,1.06,1.09,58.91,59.25,59.34,-0.9,50.02,194.7,3.06,194.73,0,0,0,16000,3115360
5/1/2026 17:30,GI Garut #1,F. Cikopo,0.74,0.7,0.71,58.94,59.29,59.35,-0.87,49.99,127.3,1.93,127.29,0,0,0,16000,2036480
5/1/2026 17:45,GI Garut #1,F. Cikelet,2.68,2.54,2.61,58.77,59.21,59.37,-0.94,49.99,463.2,7.60,463.26,0,0,0,16000,7411200
5/1/2026 17:45,GI Garut #1,F. Cipanas,2.6,2.48,2.52,58.86,59.21,59.32,-0.93,49.98,449.6,7.30,449.64,0,0,0,16000,7193280
5/1/2026 17:45,GI Garut #1,F. Cikopo,1.15,1.08,1.1,58.9,59.26,59.33,-0.88,49.99,197.1,3.03,197.07,0,0,0,16000,3152800
,,,,,,,,,,,,,,,,,,
,,,,,,,,,,,,,,,,,,
,,,,,,,,,,,,,,,,,,
